Id,Name,Email
1611111,Jonh Lee,jonhlee@gmail.com
1612222,Jacob,jacob@gmail.com
1613333,Eward,eward@gmail.com
1614444,Bella,bella@gmail.com
1615555,Cristana,cristana@gmail.com
1616666,Michel,michel@gmail.com
1617777,Peter,peter@gmail.com
1618888,Jenifer,jenifer@gmail.com
1619999,William,william@gmail.com
admin,admin,admin@gmail.com
ilogin,ilogin,ilogin@gmail.com
steven,steven,steven@gmail.com
